COMPOSITE_KEY,SERIES,CLAIMNUMBER,LHIO,ID,PDX_CODE,NB_ADMWEIGHT,ACCRENO,DATE_ADM,DATE_DIS,PATSEX,PAT_DATE_OF_DEATH,TIME_ADM,TIME_EXPIRE,DISPOSITION,EXTRACTOION_DATE,RVS,LATERALITY,EXT1_CODE,EXT2_CODE,ICD9_CODE,SDX_CODE,ERROR_CODE,DATA,DESCRIPTION,RESULT_ID,DETAILS,STATUS
508_2507111301213_13_5236742,2507111301213,5236742,13,508,S71.1,"",Z14508,06/30/2025,07/07/2025,M,"",12/30/1899 08.25.00.000000000 AM,"",I,07/29/2025,"","","","","","",505||506,W55.7||90375,CF5 SDx Conflict with sex ||CF5 Invalid RVS not found in the library,778899071120251520,"CLAIMS SUCCESSFULLY INSERTED||109,203,501,CF5 2507111301213 CLAIMS SUCCESSFULLY INSERTED",SUCCESS
2235_2507111302413_13_8486397,2507111302413,8486397,13,2235,Z37.0,2.3,Z07799,07/04/2025,07/06/2025,M,"",12/30/1899 09.46.00.000000000 PM,"",I,07/29/2025,"","","","","","",506,99460,CF5 Invalid RVS not found in the library,73751071120252016,"414,415,203,CF5 2507111302413 CLAIMS SUCCESSFULLY INSERTED||CLAIMS SUCCESSFULLY INSERTED",SUCCESS
3976_2507121300713_13_8519899,2507121300713,8519899,13,3976,O80.9,"",Z07799,07/09/2025,07/11/2025,F,"",12/30/1899 02.55.00.000000000 PM,"",I,07/29/2025,59409,N,1,1,7359||736||7562,O70.1,501,O69,CF5 SDx Invalid Code,645463071220251526,"109,501,CF5 2507121300713 CLAIMS SUCCESSFULLY INSERTED||CLAIMS SUCCESSFULLY INSERTED",SUCCESS
4923_2507121301113_13_6932199,2507121301113,6932199,13,4923,N18.5,"",700126,07/10/2025,07/10/2025,M,"",12/30/1899 07.50.00.000000000 AM,"",I,07/29/2025,90935,N,1,1,3995,"","","","","","417,109,CF5 2507121301113 CLAIMS SUCCESSFULLY INSERTED||CLAIMS SUCCESSFULLY INSERTED",SUCCESS
5452_2507131300313_13_8489236,2507131300313,8489236,13,5452,N20.0,"",Z07799,07/03/2025,07/07/2025,M,"",12/30/1899 09.56.00.000000000 AM,"",I,07/29/2025,"","","","","","","","","","","CLAIMS SUCCESSFULLY INSERTED||109,CF5 2507131300313 CLAIMS SUCCESSFULLY INSERTED",SUCCESS
7697_2507141102111_11_2944981,2507141102111,2944981,11,7697,N18.5,"",Z09630,07/01/2025,07/01/2025,M,"",12/30/1899 06.30.00.000000000 AM,"",I,07/29/2025,90935,N,1,1,3995,I12.9,"","","","","CLAIMS SUCCESSFULLY INSERTED||417,109,CF5 2507141102111 CLAIMS SUCCESSFULLY INSERTED",SUCCESS
15665_2507150201202_2_19901579,2507150201202,19901579,2,15665,N93.9,"",262729,07/01/2025,07/03/2025,F,"",12/30/1899 05.24.00.000000000 PM,"",I,07/29/2025,58120,N,1,1,6909,N85.0,"","","","","109,CF5 2507150201202 CLAIMS SUCCESSFULLY INSERTED||CLAIMS SUCCESSFULLY INSERTED",SUCCESS
15929_2507150202602_2_19921573,2507150202602,19921573,2,15929,A09.9,"",262729,07/04/2025,07/06/2025,F,"",12/30/1899 08.52.00.000000000 PM,"",I,07/29/2025,"","","","","",E87.8,501,E86.1,CF5 SDx Invalid Code,8207071620250943,"CLAIMS SUCCESSFULLY INSERTED||109,501,CF5 2507150202602 CLAIMS SUCCESSFULLY INSERTED",SUCCESS
12951_2507150802408_8_6928,2507150802408,6928,8,12951,H35.20,0,A41032530,07/05/2025,07/05/2025,M,"",12/30/1899 12.01.00.000000000 PM,"",I,07/29/2025,67228,L,1,1,1425,"",502,H35.20,CF5 Case that SDx is the repetition with PDx,316036071520251428,"411,417,228,DESTRUCTION OF EXTENSIVE OR PROGRESSIVE RETINOPATHY (E.G., DIABETIC RETINOPATHY), ONE OR MORE SESSIONS; PHOTOCOAGULATION (LASER OR XENON ARC),502,CF5 2507150802408 CLAIMS SUCCESSFULLY INSERTED||CLAIMS SUCCESSFULLY INSERTED",SUCCESS
14443_2507150804508_8_1857790,2507150804508,1857790,8,14443,I63.9,"",272229,07/04/2025,07/08/2025,M,"",12/30/1899 02.00.00.000000000 PM,"",I,07/29/2025,"","","","","",I11.9||M10.9,"","","","","109,CF5 2507150804508 CLAIMS SUCCESSFULLY INSERTED||CLAIMS SUCCESSFULLY INSERTED",SUCCESS
12515_2507151000910_10_5118416,2507151000910,5118416,10,12515,C34.0,"",490134,07/05/2025,07/05/2025,M,"",12/30/1899 08.30.00.000000000 AM,"",R,07/29/2025,96408,N,1,1,9925,"","","","","","CLAIMS SUCCESSFULLY INSERTED||417,109,205,CF5 2507151000910 CLAIMS SUCCESSFULLY INSERTED",SUCCESS
14702_2507151302413_13_5208343,2507151302413,5208343,13,14702,Z37.0,2.7,Z03922,07/02/2025,07/04/2025,F,"",12/30/1899 08.54.00.000000000 AM,"",I,07/29/2025,"","","","","","",506,99460,CF5 Invalid RVS not found in the library,597053071520251802,"CLAIMS SUCCESSFULLY INSERTED||414,203,CF5 2507151302413 CLAIMS SUCCESSFULLY INSERTED",SUCCESS
14910_2507151302513_13_6907543,2507151302513,6907543,13,14910,K76.0,"",700126,07/02/2025,07/04/2025,F,"",12/30/1899 07.41.00.000000000 PM,"",I,07/29/2025,"","","","","",K29.1,"","","","","109,CF5 2507151302513 CLAIMS SUCCESSFULLY INSERTED||CLAIMS SUCCESSFULLY INSERTED",SUCCESS
18079_2507161001210_10_14581078,2507161001210,14581078,10,18079,L02.0,"",460627,07/02/2025,07/02/2025,F,"",12/30/1899 08.30.00.000000000 AM,"",I,07/29/2025,10060,L,1,1,8604,"","","","","","417,109,CF5 2507161001210 CLAIMS SUCCESSFULLY INSERTED||CLAIMS SUCCESSFULLY INSERTED",SUCCESS
18840_2507161302013_13_8527184,2507161302013,8527184,13,18840,N18.5,"",Z07799,07/12/2025,07/12/2025,F,"",12/30/1899 10.50.00.000000000 AM,"",I,07/29/2025,36488,L,1,1,3893,"","","","","","CLAIMS SUCCESSFULLY INSERTED||417,109,CF5 2507161302013 CLAIMS SUCCESSFULLY INSERTED",SUCCESS
20070_2507161302313_13_5262350,2507161302313,5262350,13,20070,O82.1,"",Z03922,07/11/2025,07/16/2025,F,"",12/30/1899 01.00.00.000000000 PM,"",I,07/29/2025,58700,N,1,1,6651||5419||5421,Z37.0,"","","","","CLAIMS SUCCESSFULLY INSERTED||109,CF5 2507161302313 CLAIMS SUCCESSFULLY INSERTED",SUCCESS
18699_2507161800818_18_3583355,2507161800818,3583355,18,18699,N18.5,"",Z07847,07/09/2025,07/09/2025,F,"",12/30/1899 10.34.00.000000000 AM,"",I,07/29/2025,90935,N,1,1,3995,"",501,E11.2+,CF5 SDx Invalid Code,393448071620251553,"CLAIMS SUCCESSFULLY INSERTED||417,109,501,CF5 2507161800818 CLAIMS SUCCESSFULLY INSERTED",SUCCESS
19799_2507162102821_21_1647459,2507162102821,1647459,21,19799,H40.2,"",Z06817,07/04/2025,07/04/2025,M,"",12/30/1899 09.12.00.000000000 AM,"",I,07/29/2025,66761,R,1,1,1212,"","","","","","CLAIMS SUCCESSFULLY INSERTED||417,109,CF5 2507162102821 CLAIMS SUCCESSFULLY INSERTED",SUCCESS
21158_2507170500305_5_14617830,2507170500305,14617830,5,21158,N18.5,"",Z06151,07/01/2025,07/05/2025,M,"",12/30/1899 06.30.00.000000000 AM,"",I,07/29/2025,90935,N,1,1,3995,"",507,90935,CF5 RVS Code has duplicate,889429071720251014,"109,90935+N11 Procedure has duplicate,90935+N11 Procedure has duplicate,CF5 2507170500305 CLAIMS SUCCESSFULLY INSERTED||CLAIMS SUCCESSFULLY INSERTED",SUCCESS
23255_2507170703007_7_11857439,2507170703007,11857439,7,23255,K76.0,"",Z07506,07/03/2025,07/07/2025,F,"",12/30/1899 07.57.00.000000000 AM,"",I,07/29/2025,"","","","","",A09.9||E11.9||N39.0,"","","","","CLAIMS SUCCESSFULLY INSERTED||109,CF5 2507170703007 CLAIMS SUCCESSFULLY INSERTED",SUCCESS
25049_2507170705107_7_14245261,2507170705107,14245261,7,25049,A09.9,"",200136,07/10/2025,07/13/2025,F,"",12/30/1899 09.27.00.000000000 PM,"",I,07/29/2025,"","","","","","","","","","",CF5 2507170705107 CLAIMS SUCCESSFULLY INSERTED||CLAIMS SUCCESSFULLY INSERTED,SUCCESS
24045_2507171301613_13_8491362,2507171301613,8491362,13,24045,A09.9,"",Z07799,07/05/2025,07/07/2025,M,"",12/30/1899 03.23.00.000000000 AM,"",I,07/29/2025,"","","","","","",501,E86.1,CF5 SDx Invalid Code,354145071720251631,"CLAIMS SUCCESSFULLY INSERTED||109,501,CF5 2507171301613 CLAIMS SUCCESSFULLY INSERTED",SUCCESS
23779_2507171301713_13_8553363,2507171301713,8553363,13,23779,S81.8,"",Z14343,07/10/2025,07/17/2025,M,"",12/30/1899 01.45.00.000000000 PM,"",I,07/29/2025,"","","","","","",501||506,W55||90375,CF5 SDx Invalid Code||CF5 Invalid RVS not found in the library,899842071720251620,"CLAIMS SUCCESSFULLY INSERTED||109,203,501,CF5 2507171301713 CLAIMS SUCCESSFULLY INSERTED",SUCCESS
25057_2507171302313_13_5254206,2507171302313,5254206,13,25057,O80.9,"",Z03922,07/12/2025,07/14/2025,F,"",12/30/1899 08.30.00.000000000 PM,"",R,07/29/2025,59409,N,1,1,7359||736||7562,Z37.0||O75.0||O70.2,"","","","","109,CF5 2507171302313 CLAIMS SUCCESSFULLY INSERTED||CLAIMS SUCCESSFULLY INSERTED",SUCCESS
19848_2507171800318_18_328113,2507171800318,328113,18,19848,N18.5,"",Z07651,07/01/2025,07/01/2025,F,"",12/30/1899 12.50.00.000000000 PM,"",I,07/29/2025,90935,N,1,1,3995,N03.8,"","","","","CLAIMS SUCCESSFULLY INSERTED||417,109,CF5 2507171800318 CLAIMS SUCCESSFULLY INSERTED",SUCCESS
28970_2507180502205_5_2025157DMC53,2507180502205,2025157DMC53,5,28970,N18.5,"",D01035647,07/03/2025,07/03/2025,F,"",12/30/1899 04.30.00.000000000 PM,"",I,07/29/2025,"","","","","","","","","","","CLAIMS SUCCESSFULLY INSERTED||417,109,CF5 2507180502205 CLAIMS SUCCESSFULLY INSERTED",SUCCESS
29351_2507180901809_9_9112482,2507180901809,9112482,9,29351,K80.1,"",423235,07/05/2025,07/07/2025,F,"",12/30/1899 08.21.00.000000000 AM,"",I,07/29/2025,47600,N,1,1,5122,"","","","","","CLAIMS SUCCESSFULLY INSERTED||109,CF5 2507180901809 CLAIMS SUCCESSFULLY INSERTED",SUCCESS
29808_2507180902309_9_10516538,2507180902309,10516538,9,29808,M19.99,"",420126,06/30/2025,07/03/2025,F,"",12/30/1899 02.00.00.000000000 PM,"",I,07/29/2025,"","","","","",M10.99,"","","","","CLAIMS SUCCESSFULLY INSERTED||109,CF5 2507180902309 CLAIMS SUCCESSFULLY INSERTED",SUCCESS
28351_2507181001510_10_2090676,2507181001510,2090676,10,28351,Z38.0,2.6,Z07007,07/12/2025,07/15/2025,F,"",12/30/1899 09.57.00.000000000 AM,"",I,07/29/2025,"","","","","","",506,99460,CF5 Invalid RVS not found in the library,493662071820251420,"CLAIMS SUCCESSFULLY INSERTED||203,CF5 2507181001510 CLAIMS SUCCESSFULLY INSERTED",SUCCESS
27433_2507181500915_15_3075468,2507181500915,3075468,15,27433,H25.90,"",840139,06/30/2025,06/30/2025,M,"",12/30/1899 02.50.00.000000000 PM,"",I,07/29/2025,"","","","","","",506,ECCEOS1,CF5 Invalid RVS not found in the library,294123071820251147,"CLAIMS SUCCESSFULLY INSERTED||411,417,109,203,CF5 2507181500915 CLAIMS SUCCESSFULLY INSERTED",SUCCESS
31348_2507181502315_15_153810,2507181502315,153810,15,31348,N18.5,"",Z04703,07/04/2025,07/04/2025,M,"",12/30/1899 06.08.00.000000000 AM,"",I,07/29/2025,"","","","","",I12.9,"","","","","417,109,CF5 2507181502315 CLAIMS SUCCESSFULLY INSERTED||CLAIMS SUCCESSFULLY INSERTED",SUCCESS
30586_2507181602016_16_27142,2507181602016,27142,16,30586,J18.92,"",LX0109,07/08/2025,07/11/2025,F,"",12/30/1899 01.48.00.000000000 PM,"",I,07/29/2025,"","","","","","","","","","","CLAIMS SUCCESSFULLY INSERTED||109,CF5 2507181602016 CLAIMS SUCCESSFULLY INSERTED",SUCCESS
31597_2507190700507_7_2950797,2507190700507,2950797,7,31597,H35.81,"",Z14600,06/30/2025,06/30/2025,M,"",12/30/1899 01.54.00.000000000 PM,"",R,07/29/2025,"","","","","","","","","","","CLAIMS SUCCESSFULLY INSERTED||411,417,109,CF5 2507190700507 CLAIMS SUCCESSFULLY INSERTED",SUCCESS
33238_2507191101411_11_2950130,2507191101411,2950130,11,33238,N18.5,"",Z09630,07/03/2025,07/03/2025,F,"",12/30/1899 03.30.00.000000000 PM,"",I,07/29/2025,90935,N,1,1,3995,N03.9,"","","","","417,109,CF5 2507191101411 CLAIMS SUCCESSFULLY INSERTED||CLAIMS SUCCESSFULLY INSERTED",SUCCESS
31684_2507191300113_13_6960616,2507191300113,6960616,13,31684,S91.1,"",Z13280,07/11/2025,07/17/2025,F,"",12/30/1899 03.31.00.000000000 PM,"",I,07/29/2025,"","","","","","",505||506,W55.0||90375,CF5 SDx Conflict with sex ||CF5 Invalid RVS not found in the library,55374071920250903,"109,203,501,CF5 2507191300113 CLAIMS SUCCESSFULLY INSERTED||CLAIMS SUCCESSFULLY INSERTED",SUCCESS
32795_2507191300513_13_8530620,2507191300513,8530620,13,32795,I48,"",Z07799,07/07/2025,07/16/2025,M,"",12/30/1899 10.40.00.000000000 AM,"",I,07/29/2025,"","","","","",J18.92||E05.9,"","","","","CLAIMS SUCCESSFULLY INSERTED||109,CF5 2507191300513 CLAIMS SUCCESSFULLY INSERTED",SUCCESS
32878_2507192100521_21_14628432,2507192100521,14628432,21,32878,Z38.0,2.6,260140,07/07/2025,07/09/2025,F,"",12/30/1899 09.35.00.000000000 PM,"",I,07/29/2025,"","","","","","",506,99460,CF5 Invalid RVS not found in the library,904352071920251348,CLAIMS SUCCESSFULLY INSERTED||CF5 2507192100521 CLAIMS SUCCESSFULLY INSERTED,SUCCESS
55567_2507210203102_2_19953403,2507210203102,19953403,2,55567,J18.92,"",262729,07/08/2025,07/12/2025,M,"",12/30/1899 02.37.00.000000000 AM,"",I,07/29/2025,"","","","","",E11.9||I10.1||E87.8,"","","","","CLAIMS SUCCESSFULLY INSERTED||109,CF5 2507210203102 CLAIMS SUCCESSFULLY INSERTED",SUCCESS
40120_2507210802208_8_14904980,2507210802208,14904980,8,40120,K52.9,"",271128,07/10/2025,07/11/2025,F,"",12/30/1899 01.00.00.000000000 PM,"",I,07/29/2025,45380,N,1,1,4525,K63.3,"","","","","109,CF5 2507210802208 CLAIMS SUCCESSFULLY INSERTED||CLAIMS SUCCESSFULLY INSERTED",SUCCESS
40168_2507210902009_9_10542204,2507210902009,10542204,9,40168,P23.9,2,420126,07/05/2025,07/09/2025,F,"",12/30/1899 01.25.00.000000000 PM,"",I,07/29/2025,"","","","","","","","","","",CF5 2507210902009 CLAIMS SUCCESSFULLY INSERTED||CLAIMS SUCCESSFULLY INSERTED,SUCCESS
36907_2507211100311_11_2960741,2507211100311,2960741,11,36907,N18.5,"",Z07042,07/01/2025,07/01/2025,M,"",12/30/1899 03.25.00.000000000 PM,"",I,07/29/2025,"","","","","","","","","","","CLAIMS SUCCESSFULLY INSERTED||417,109,CF5 2507211100311 CLAIMS SUCCESSFULLY INSERTED",SUCCESS
40564_2507211103511_11_2962900,2507211103511,2962900,11,40564,N18.5,"",Z07042,07/09/2025,07/09/2025,M,"",12/30/1899 11.25.00.000000000 AM,"",I,07/29/2025,"","","","","","","","","","","417,109,CF5 2507211103511 CLAIMS SUCCESSFULLY INSERTED||CLAIMS SUCCESSFULLY INSERTED",SUCCESS
41419_2507211602216_16_IP25-082206,2507211602216,IP25-082206,16,41419,P00.9,3,941301,06/30/2025,07/06/2025,M,"",12/30/1899 04.19.28.000000000 PM,"",R,07/29/2025,"","","","","",Z38.0,506,99460,CF5 Invalid RVS not found in the library,601533072120251728,CF5 2507211602216 CLAIMS SUCCESSFULLY INSERTED||CLAIMS SUCCESSFULLY INSERTED,SUCCESS
37731_2507212100521_21_2962572,2507212100521,2962572,21,37731,H26.4,"",Z12327,07/14/2025,07/14/2025,M,"",12/30/1899 12.15.00.000000000 PM,"",R,07/29/2025,"","","","","","","","","","","417,109,CF5 2507212100521 CLAIMS SUCCESSFULLY INSERTED||CLAIMS SUCCESSFULLY INSERTED",SUCCESS
48064_2507220502605_5_14619606,2507220502605,14619606,5,48064,N18.5,"",Z05703,07/01/2025,07/04/2025,F,"",12/30/1899 06.00.00.000000000 AM,"",I,07/29/2025,90935,N,1,1,3995,"",507,90935,CF5 RVS Code has duplicate,492151072220251810,"109,90935+N11 Procedure has duplicate,CF5 2507220502605 CLAIMS SUCCESSFULLY INSERTED||CLAIMS SUCCESSFULLY INSERTED",SUCCESS
45811_2507220901409_9_14531090,2507220901409,14531090,9,45811,E87.6,"",423330,07/01/2025,07/05/2025,M,"",12/30/1899 08.30.00.000000000 PM,"",I,07/29/2025,"","","","","","","","","","","109,CF5 2507220901409 CLAIMS SUCCESSFULLY INSERTED||CLAIMS SUCCESSFULLY INSERTED",SUCCESS
47646_2507220902609_9_14570954,2507220902609,14570954,9,47646,N18.5,"",Z05866,07/10/2025,07/10/2025,F,"",12/30/1899 07.00.00.000000000 AM,"",I,07/29/2025,90935,N,1,1,3995,I12.0,"","","","","CLAIMS SUCCESSFULLY INSERTED||417,109,CF5 2507220902609 CLAIMS SUCCESSFULLY INSERTED",SUCCESS
43547_2507221600716_16_I2025-0747,2507221600716,I2025-0747,16,43547,J45.00,62,951530,07/07/2025,07/11/2025,F,"",12/30/1899 03.00.00.000000000 PM,"",I,07/29/2025,"","","","","","","","","","",CLAIMS SUCCESSFULLY INSERTED||CF5 2507221600716 CLAIMS SUCCESSFULLY INSERTED,SUCCESS
47912_2507221602116_16_IP25-082382,2507221602116,IP25-082382,16,47912,K35.3,"",941301,07/03/2025,07/06/2025,M,"",12/30/1899 06.56.54.000000000 PM,"",I,07/29/2025,44950,N,1,1,4709,"","","","","","CLAIMS SUCCESSFULLY INSERTED||109,CF5 2507221602116 CLAIMS SUCCESSFULLY INSERTED",SUCCESS
48299_2507221602416_16_14655722,2507221602416,14655722,16,48299,O80.9,"",M00711,07/08/2025,07/09/2025,F,"",12/30/1899 08.00.00.000000000 AM,"",I,07/29/2025,"","","","","","",506,NSD01,CF5 Invalid RVS not found in the library,451029072220251925,"CLAIMS SUCCESSFULLY INSERTED||109,203,CF5 2507221602416 CLAIMS SUCCESSFULLY INSERTED",SUCCESS
49154_2507221703217_17_1706926,2507221703217,1706926,17,49154,D17.1,"",970528,07/08/2025,07/08/2025,F,"",12/30/1899 11.15.00.000000000 AM,"",I,07/29/2025,21556,L,1,1,8332,"","","","","","CLAIMS SUCCESSFULLY INSERTED||417,109,CF5 2507221703217 CLAIMS SUCCESSFULLY INSERTED",SUCCESS
46145_2507222000620_20_250722144319,2507222000620,250722144319,20,46145,O99.6,"",932701,07/06/2025,07/11/2025,F,"",12/30/1899 01.55.00.000000000 PM,"",I,07/29/2025,"","","","","","","","","","","CLAIMS SUCCESSFULLY INSERTED||109,CF5 2507222000620 CLAIMS SUCCESSFULLY INSERTED",SUCCESS
46412_2507222101421_21_2025_314,2507222101421,2025_314,21,46412,O80.9,"",M03035230,07/06/2025,07/07/2025,F,"",12/30/1899 06.00.00.000000000 AM,"",I,07/29/2025,"","","","","",Z37.0,506,MCP01,CF5 Invalid RVS not found in the library,382109072220251548,"CLAIMS SUCCESSFULLY INSERTED||109,205,207,203,CF5 2507222101421 CLAIMS SUCCESSFULLY INSERTED",SUCCESS
55191_2507230101201_1_29039758,2507230101201,29039758,1,55191,C50.9,"",311527,07/11/2025,07/11/2025,F,"",12/30/1899 01.25.00.000000000 PM,"",R,07/29/2025,96408,L,1,1,9925,"","","","","","CLAIMS SUCCESSFULLY INSERTED||417,109,CF5 2507230101201 CLAIMS SUCCESSFULLY INSERTED",SUCCESS
63230_2507230201702_2_24297124,2507230201702,24297124,2,63230,S81.0,"",280126,07/09/2025,07/09/2025,M,"",12/30/1899 07.51.00.000000000 AM,"",I,07/29/2025,11000,R,1,1,8628,S88.0||T87.6,"","","","","417,109,CF5 2507230201702 CLAIMS SUCCESSFULLY INSERTED||CLAIMS SUCCESSFULLY INSERTED",SUCCESS
53766_2507231301813_13_7398003,2507231301813,7398003,13,53766,N39.0,"",712826,07/09/2025,07/16/2025,F,"",12/30/1899 05.55.00.000000000 PM,"",I,07/29/2025,"","","","","","","","","","","109,CF5 2507231301813 CLAIMS SUCCESSFULLY INSERTED||CLAIMS SUCCESSFULLY INSERTED",SUCCESS
56105_2507231703217_17_1703364,2507231703217,1703364,17,56105,N18.5,"",970528,07/08/2025,07/08/2025,M,"",12/30/1899 06.05.00.000000000 AM,"",I,07/29/2025,90935,N,1,1,3995,M10.30,"","","","","417,109,CF5 2507231703217 CLAIMS SUCCESSFULLY INSERTED||CLAIMS SUCCESSFULLY INSERTED",SUCCESS
52985_2507231800818_18_330170,2507231800818,330170,18,52985,N18.5,"",Z07651,07/02/2025,07/02/2025,M,"",12/30/1899 09.19.00.000000000 AM,"",I,07/29/2025,90935,N,1,1,3995,N03.8,"","","","","417,109,CF5 2507231800818 CLAIMS SUCCESSFULLY INSERTED||CLAIMS SUCCESSFULLY INSERTED",SUCCESS
49422_2507232100021_21_2950401,2507232100021,2950401,21,49422,H26.4,"",Z12327,07/01/2025,07/01/2025,M,"",12/30/1899 09.50.00.000000000 AM,"",R,07/29/2025,"","","","","","","","","","","417,109,CF5 2507232100021 CLAIMS SUCCESSFULLY INSERTED||CLAIMS SUCCESSFULLY INSERTED",SUCCESS
56284_2507240100001_1_5488914,2507240100001,5488914,1,56284,O80.0,"",311537,07/14/2025,07/15/2025,F,"",12/30/1899 04.30.00.000000000 AM,"",R,07/29/2025,"","","","","",Z37.0,506,NSD01,CF5 Invalid RVS not found in the library,896982072420250300,"109,203,CF5 2507240100001 CLAIMS SUCCESSFULLY INSERTED||CLAIMS SUCCESSFULLY INSERTED",SUCCESS
58133_2507240100401_1_14582455,2507240100401,14582455,1,58133,H25.91,"",Z11789,06/30/2025,06/30/2025,M,"",12/30/1899 09.37.00.000000000 AM,"",I,07/29/2025,66987,R,1,1,1371||1341,"",506,ECCEOD1,CF5 Invalid RVS not found in the library,35109072420251145,"CLAIMS SUCCESSFULLY INSERTED||411,417,109,203,CF5 2507240100401 CLAIMS SUCCESSFULLY INSERTED",SUCCESS
61621_2507240101001_1_7188638,2507240101001,7188638,1,61621,O80.9,"",Z04392,07/02/2025,07/03/2025,F,"",12/30/1899 03.09.00.000000000 AM,"",I,07/29/2025,59409,N,1,1,7359||736||7562,Z37.0||O70.2,"","","","","109,CF5 2507240101001 CLAIMS SUCCESSFULLY INSERTED||CLAIMS SUCCESSFULLY INSERTED",SUCCESS
61735_2507240101201_1_29034780,2507240101201,29034780,1,61735,C50.9,"",311527,07/11/2025,07/11/2025,F,"",12/30/1899 08.15.00.000000000 AM,"",R,07/29/2025,77418,R,1,1,9229,"","","","","","417,109,CF5 2507240101201 CLAIMS SUCCESSFULLY INSERTED||CLAIMS SUCCESSFULLY INSERTED",SUCCESS
61102_2507240303103_3_13787489,2507240303103,13787489,3,61102,L72.8,"",Z04100,07/09/2025,07/09/2025,F,"",12/30/1899 09.24.00.000000000 AM,"",I,07/29/2025,21930,N,1,1,8339,"","","","","","417,109,CF5 2507240303103 CLAIMS SUCCESSFULLY INSERTED||CLAIMS SUCCESSFULLY INSERTED",SUCCESS
58595_2507240500905_5_250720000009,2507240500905,250720000009,5,58595,T00.0,"",73526,07/02/2025,07/02/2025,F,"",12/30/1899 04.15.00.000000000 PM,"",I,07/29/2025,27502,N,1,1,7905,"","","","","","CLAIMS SUCCESSFULLY INSERTED||417,109,204,205,207,CF5 2507240500905 CLAIMS SUCCESSFULLY INSERTED",SUCCESS
58639_2507240501005_5_2025162CCD19,2507240501005,2025162CCD19,5,58639,N18.5,"",D01035647,07/09/2025,07/09/2025,F,"",12/30/1899 07.40.00.000000000 PM,"",I,07/29/2025,"","","","","","","","","","","CLAIMS SUCCESSFULLY INSERTED||417,109,CF5 2507240501005 CLAIMS SUCCESSFULLY INSERTED",SUCCESS
59243_2507240601006_6_14546304,2507240601006,14546304,6,59243,H81.1,"",Z12095,06/30/2025,07/01/2025,M,"",12/30/1899 11.00.00.000000000 AM,"",I,07/29/2025,"","","","","","","","","","","109,CF5 2507240601006 CLAIMS SUCCESSFULLY INSERTED||CLAIMS SUCCESSFULLY INSERTED",SUCCESS
59894_2507240702607_7_14217211,2507240702607,14217211,7,59894,T61.1,"",200136,07/07/2025,07/08/2025,M,"",12/30/1899 01.29.00.000000000 AM,"",I,07/29/2025,"","","","","","","","","","","CLAIMS SUCCESSFULLY INSERTED||109,CF5 2507240702607 CLAIMS SUCCESSFULLY INSERTED",SUCCESS
63154_2507240704807_7_2507979026B,2507240704807,2507979026B,7,63154,C22.1,"",200026,07/04/2025,07/04/2025,F,"",12/30/1899 12.49.00.000000000 PM,"",I,07/29/2025,96408,N,1,1,9925,"","","","","","417,109,CF5 2507240704807 CLAIMS SUCCESSFULLY INSERTED||CLAIMS SUCCESSFULLY INSERTED",SUCCESS
56629_2507241100111_11_A00006271,2507241100111,A00006271,11,56629,Z38.0,2.8,M06029517,07/08/2025,07/10/2025,F,"",12/30/1899 09.49.00.000000000 PM,"",I,07/29/2025,"","","","","","",501||506,NA||99460,CF5 SDx Invalid Code||CF5 Invalid RVS not found in the library,436620072420250905,"205,207,203,501,CF5 2507241100111 CLAIMS SUCCESSFULLY INSERTED||CLAIMS SUCCESSFULLY INSERTED",SUCCESS
57968_2507241300513_13_7392335,2507241300513,7392335,13,57968,J18.92,"",712826,07/10/2025,07/15/2025,F,"",12/30/1899 01.40.00.000000000 PM,"",I,07/29/2025,"","","","","","","","","","","CLAIMS SUCCESSFULLY INSERTED||109,CF5 2507241300513 CLAIMS SUCCESSFULLY INSERTED",SUCCESS
57351_2507241600316_16_I2025-0758,2507241600316,I2025-0758,16,57351,N39.0,151,951530,07/10/2025,07/15/2025,F,"",12/30/1899 10.30.00.000000000 AM,"",I,07/29/2025,"","","","","",E11.1,"","","","",CF5 2507241600316 CLAIMS SUCCESSFULLY INSERTED||CLAIMS SUCCESSFULLY INSERTED,SUCCESS
58702_2507241600816_16_IP25-082508,2507241600816,IP25-082508,16,58702,O68.1,"",941301,07/06/2025,07/07/2025,F,"",12/30/1899 04.57.40.000000000 AM,"",I,07/29/2025,59409,N,1,1,7359||736||7562,O80.0||Z37.0,"","","","","109,CF5 2507241600816 CLAIMS SUCCESSFULLY INSERTED||CLAIMS SUCCESSFULLY INSERTED",SUCCESS
60836_2507241800618_18_2961384,2507241800618,2961384,18,60836,N18.5,"",Z12395,07/02/2025,07/02/2025,F,"",12/30/1899 05.37.00.000000000 AM,"",I,07/29/2025,"","","","","","","","","","","CLAIMS SUCCESSFULLY INSERTED||417,109,CF5 2507241800618 CLAIMS SUCCESSFULLY INSERTED",SUCCESS
57512_2507242100421_21_1245479,2507242100421,1245479,21,57512,I24.8,"",Z12608,07/09/2025,07/09/2025,M,"",12/30/1899 11.00.00.000000000 AM,"",I,07/29/2025,"","","","","","",506,OPER1,CF5 Invalid RVS not found in the library,671255072420251028,"CLAIMS SUCCESSFULLY INSERTED||417,109,203,CF5 2507242100421 CLAIMS SUCCESSFULLY INSERTED",SUCCESS
77656_2507250201602_2_19898716,2507250201602,19898716,2,77656,H25.90,"",262729,07/02/2025,07/02/2025,M,"",12/30/1899 08.52.00.000000000 AM,"",I,07/29/2025,"","","","","","",506,ECCEOD,CF5 Invalid RVS not found in the library,712590072620252327,"CLAIMS SUCCESSFULLY INSERTED||411,417,109,203,CF5 2507250201602 CLAIMS SUCCESSFULLY INSERTED",SUCCESS
63969_2507250500005_5_2025163ARN76,2507250500005,2025163ARN76,5,63969,N18.5,"",D01035647,07/10/2025,07/10/2025,M,"",12/30/1899 03.30.00.000000000 PM,"",I,07/29/2025,"","","","","","","","","","","417,109,CF5 2507250500005 CLAIMS SUCCESSFULLY INSERTED||CLAIMS SUCCESSFULLY INSERTED",SUCCESS
67773_2507250601206_6_10870886,2507250601206,10870886,6,67773,H18.5,"",132232,07/11/2025,07/11/2025,F,"",12/30/1899 09.48.00.000000000 AM,"",R,07/29/2025,65782,L,1,1,1689,"","","","","","CLAIMS SUCCESSFULLY INSERTED||417,109,CF5 2507250601206 CLAIMS SUCCESSFULLY INSERTED",SUCCESS
70822_2507250704707_7_14212840,2507250704707,14212840,7,70822,J18.92,"",200136,07/04/2025,07/07/2025,F,"",12/30/1899 05.47.00.000000000 AM,"",I,07/29/2025,"","","","","","","","","","","CLAIMS SUCCESSFULLY INSERTED||109,CF5 2507250704707 CLAIMS SUCCESSFULLY INSERTED",SUCCESS
70721_2507250803408_8_DCS-28155,2507250803408,DCS-28155,8,70721,N18.5,"",D41030839,07/09/2025,07/09/2025,F,"",12/30/1899 04.00.00.000000000 PM,"",I,07/29/2025,"","","","","","","","","","","CLAIMS SUCCESSFULLY INSERTED||417,109,CF5 2507250803408 CLAIMS SUCCESSFULLY INSERTED",SUCCESS
69672_2507250902509_9_10531632,2507250902509,10531632,9,69672,N18.5,"",420126,07/04/2025,07/04/2025,M,"",12/30/1899 04.50.00.000000000 PM,"",R,07/29/2025,90935,N,1,1,3995,Z49.1,"","","","","417,109,CF5 2507250902509 CLAIMS SUCCESSFULLY INSERTED||CLAIMS SUCCESSFULLY INSERTED",SUCCESS
68179_2507251001210_10_5127414,2507251001210,5127414,10,68179,J45.90,"",490134,07/05/2025,07/10/2025,F,"",12/30/1899 09.00.00.000000000 PM,"",I,07/29/2025,"","","","","",J20.9||I10.1,"","","","","CLAIMS SUCCESSFULLY INSERTED||109,CF5 2507251001210 CLAIMS SUCCESSFULLY INSERTED",SUCCESS
69764_2507251301513_13_7352902,2507251301513,7352902,13,69764,N18.5,"",712826,07/05/2025,07/05/2025,F,"",12/30/1899 11.00.00.000000000 AM,"",I,07/29/2025,90935,N,1,1,3995,"","","","","","CLAIMS SUCCESSFULLY INSERTED||417,109,205,CF5 2507251301513 CLAIMS SUCCESSFULLY INSERTED",SUCCESS
68047_2507251400814_14_38327370,2507251400814,38327370,14,68047,Z38.0,2.9,780108,07/10/2025,07/12/2025,M,"",12/30/1899 10.14.00.000000000 PM,"",R,07/29/2025,"","","","","","",506,99460,CF5 Invalid RVS not found in the library,77685072520251437,CLAIMS SUCCESSFULLY INSERTED||CF5 2507251400814 CLAIMS SUCCESSFULLY INSERTED,SUCCESS
70761_2507251502615_15_154100,2507251502615,154100,15,70761,N18.5,"",Z04703,07/14/2025,07/14/2025,F,"",12/30/1899 11.44.00.000000000 AM,"",I,07/29/2025,"","","","","",I12.9,"","","","","CLAIMS SUCCESSFULLY INSERTED||417,109,CF5 2507251502615 CLAIMS SUCCESSFULLY INSERTED",SUCCESS
64988_2507251600416_16_14676448,2507251600416,14676448,16,64988,Z38.0,2400,Z09417,07/03/2025,07/04/2025,M,"",12/30/1899 06.34.00.000000000 AM,"",I,07/29/2025,"","","","","","",506,99460,CF5 Invalid RVS not found in the library,330258072520251027,CLAIMS SUCCESSFULLY INSERTED||CF5 2507251600416 CLAIMS SUCCESSFULLY INSERTED,SUCCESS
68405_2507251601216_16_2516,2507251601216,2516,16,68405,E87.6,"",Z10236,07/05/2025,07/11/2025,F,"",12/30/1899 12.00.00.000000000 AM,"",I,07/29/2025,"","","","","","","","","","","109,CF5 2507251601216 CLAIMS SUCCESSFULLY INSERTED||CLAIMS SUCCESSFULLY INSERTED",SUCCESS
67037_2507251601416_16_IP25-082549,2507251601416,IP25-082549,16,67037,O80.0,"",941301,07/07/2025,07/10/2025,F,"",12/30/1899 10.54.51.000000000 AM,"",I,07/29/2025,"","","","","",Z37.0,506,NSD01,CF5 Invalid RVS not found in the library,497290072520251520,"109,203,CF5 2507251601416 CLAIMS SUCCESSFULLY INSERTED||CLAIMS SUCCESSFULLY INSERTED",SUCCESS
65886_2507252100521_21_1252726,2507252100521,1252726,21,65886,J20.9,"",Z12608,07/10/2025,07/12/2025,F,"",12/30/1899 07.35.00.000000000 PM,"",I,07/29/2025,"","","","","","","","","","","CLAIMS SUCCESSFULLY INSERTED||109,CF5 2507252100521 CLAIMS SUCCESSFULLY INSERTED",SUCCESS
71962_2507260200202_2_19910822,2507260200202,19910822,2,71962,Z38.0,"",262729,07/03/2025,07/04/2025,M,"",12/30/1899 11.00.00.000000000 AM,"",I,07/29/2025,"","","","","","",506,99460,CF5 Invalid RVS not found in the library,805624072620250701,CLAIMS SUCCESSFULLY INSERTED||CF5 2507260200202 CLAIMS SUCCESSFULLY INSERTED,SUCCESS
72351_2507260200502_2_17502926,2507260200502,17502926,2,72351,N18.5,"",311903,07/02/2025,07/02/2025,F,"",12/30/1899 05.54.00.000000000 AM,"",I,07/29/2025,90935,N,1,1,3995,"","","","","","417,109,CF5 2507260200502 CLAIMS SUCCESSFULLY INSERTED||CLAIMS SUCCESSFULLY INSERTED",SUCCESS
77522_2507260201902_2_19887864,2507260201902,19887864,2,77522,E11.9,"",262729,06/30/2025,06/30/2025,F,"",12/30/1899 06.11.00.000000000 AM,"",I,07/29/2025,"","","","","","",506,OPER1,CF5 Invalid RVS not found in the library,690312072620252109,"417,109,203,CF5 2507260201902 CLAIMS SUCCESSFULLY INSERTED||CLAIMS SUCCESSFULLY INSERTED",SUCCESS
76357_2507260601006_6_2473916,2507260601006,2473916,6,76357,G45.9,"",Z06347,07/12/2025,07/14/2025,M,"",12/30/1899 06.35.00.000000000 PM,"",I,07/29/2025,"","","","","",I10.1,"","","","","CLAIMS SUCCESSFULLY INSERTED||109,CF5 2507260601006 CLAIMS SUCCESSFULLY INSERTED",SUCCESS
76291_2507261300913_13_2422357,2507261300913,2422357,13,76291,O03.4,"",701826,07/10/2025,07/12/2025,F,"",12/30/1899 06.10.00.000000000 PM,"",I,07/29/2025,59812,N,1,1,6902,"","","","","","109,CF5 2507261300913 CLAIMS SUCCESSFULLY INSERTED||CLAIMS SUCCESSFULLY INSERTED",SUCCESS
76788_2507261301013_13_117,2507261301013,117,13,76788,T14.1,"",B08038423,07/12/2025,07/19/2025,M,"",12/30/1899 08.00.00.000000000 AM,"",I,07/29/2025,"","","","","","",501||506,W54||90375,CF5 SDx Invalid Code||CF5 Invalid RVS not found in the library,747412072620251736,"CLAIMS SUCCESSFULLY INSERTED||109,205,207,203,501,CF5 2507261301013 CLAIMS SUCCESSFULLY INSERTED",SUCCESS
78030_2507272000120_20_1702270,2507272000120,1702270,20,78030,A09.9,"",Z12669,07/08/2025,07/11/2025,F,"",12/30/1899 05.00.00.000000000 PM,"",I,07/29/2025,"","","","","","",501,E86.1,CF5 SDx Invalid Code,615948072720251003,"CLAIMS SUCCESSFULLY INSERTED||109,501,CF5 2507272000120 CLAIMS SUCCESSFULLY INSERTED",SUCCESS
78227_2507272000220_20_1704145,2507272000220,1704145,20,78227,A09.9,8,Z12669,07/08/2025,07/12/2025,M,"",12/30/1899 07.20.00.000000000 PM,"",I,07/29/2025,"","","","","","",501,E86.1,CF5 SDx Invalid Code,561607072720251108,"CLAIMS SUCCESSFULLY INSERTED||501,CF5 2507272000220 CLAIMS SUCCESSFULLY INSERTED",SUCCESS
80237_2507280100201_1_29066549,2507280100201,29066549,1,80237,C54.1,"",311527,07/14/2025,07/14/2025,F,"",12/30/1899 01.44.00.000000000 PM,"",R,07/29/2025,77418,N,1,1,9229,"","","","","","417,109,CF5 2507280100201 CLAIMS SUCCESSFULLY INSERTED||CLAIMS SUCCESSFULLY INSERTED",SUCCESS
86980_2507280101601_1_28911698,2507280101601,28911698,1,86980,N18.5,"",311527,06/30/2025,06/30/2025,M,"",12/30/1899 01.19.00.000000000 PM,"",R,07/29/2025,90935,N,1,1,3995,"","","","","","417,109,CF5 2507280101601 CLAIMS SUCCESSFULLY INSERTED||CLAIMS SUCCESSFULLY INSERTED",SUCCESS
81761_2507280200802_2_19896423,2507280200802,19896423,2,81761,C11,"",262729,07/01/2025,07/01/2025,M,"",12/30/1899 04.45.00.000000000 PM,"",I,07/29/2025,69433,R,1,1,2001,"","","","","","CLAIMS SUCCESSFULLY INSERTED||411,417,109,CF5 2507280200802 CLAIMS SUCCESSFULLY INSERTED",SUCCESS
79464_2507280300003_3_14588144,2507280300003,14588144,3,79464,O62.4,"",LX0052,07/11/2025,07/12/2025,F,"",12/30/1899 01.50.00.000000000 AM,"",I,07/29/2025,59409,N,1,1,7359||736||7562,O80.0||Z37.0,"","","","","109,CF5 2507280300003 CLAIMS SUCCESSFULLY INSERTED||CLAIMS SUCCESSFULLY INSERTED",SUCCESS
86841_2507280502505_5_14659334,2507280502505,14659334,5,86841,N18.5,"",Z05703,07/07/2025,07/11/2025,M,"",12/30/1899 06.00.00.000000000 AM,"",I,07/29/2025,90935,N,1,1,3995,"",507,90935,CF5 RVS Code has duplicate,254528072820251740,"109,90935+N11 Procedure has duplicate,90935+N11 Procedure has duplicate,CF5 2507280502505 CLAIMS SUCCESSFULLY INSERTED||CLAIMS SUCCESSFULLY INSERTED",SUCCESS
80672_2507280600206_6_10855911,2507280600206,10855911,6,80672,H40.2,"",132232,07/09/2025,07/09/2025,F,"",12/30/1899 10.00.00.000000000 AM,"",R,07/29/2025,66762,B,1,1,1239,"",507,66762,CF5 RVS Code has duplicate,600324072820251049,"CLAIMS SUCCESSFULLY INSERTED||417,109,66762+B11 Procedure has duplicate,CF5 2507280600206 CLAIMS SUCCESSFULLY INSERTED",SUCCESS
80640_2507280700407_7_MSR_20932,2507280700407,MSR_20932,7,80640,N18.5,"",D03028423,07/01/2025,07/01/2025,F,"",12/30/1899 05.55.00.000000000 AM,"",I,07/29/2025,90935,N,1,1,3995,"","","","","","417,109,HEMODIALYSIS,CF5 2507280700407 CLAIMS SUCCESSFULLY INSERTED||CLAIMS SUCCESSFULLY INSERTED",SUCCESS
86887_2507280702907_7_14688265,2507280702907,14688265,7,86887,N18.5,"",Z14900,07/01/2025,07/15/2025,F,"",12/30/1899 07.20.00.000000000 AM,"",I,07/29/2025,90935,N,1,1,3995,"",507,90935,CF5 RVS Code has duplicate,571047072820251747,"CLAIMS SUCCESSFULLY INSERTED||109,90935+N11 Procedure has duplicate,90935+N11 Procedure has duplicate,90935+N11 Procedure has duplicate,90935+N11 Procedure has duplicate,CF5 2507280702907 CLAIMS SUCCESSFULLY INSERTED",SUCCESS
79545_2507280800008_8_2025_9676,2507280800008,2025_9676,8,79545,N18.5,"",D41030692,07/07/2025,07/07/2025,M,"",12/30/1899 08.00.00.000000000 AM,"",I,07/29/2025,90935,N,1,1,3995,"","","","","","CLAIMS SUCCESSFULLY INSERTED||417,109,HEMODIALYSIS,CF5 2507280800008 CLAIMS SUCCESSFULLY INSERTED",SUCCESS
83132_2507280901709_9_9344022,2507280901709,9344022,9,83132,N18.5,"",421633,07/12/2025,07/12/2025,M,"",12/30/1899 09.15.00.000000000 AM,"",R,07/29/2025,90935,N,1,1,3995,"","","","","","CLAIMS SUCCESSFULLY INSERTED||417,109,CF5 2507280901709 CLAIMS SUCCESSFULLY INSERTED",SUCCESS
87960_2507281103211_11_2953333,2507281103211,2953333,11,87960,N18.5,"",Z09630,07/07/2025,07/07/2025,F,"",12/30/1899 11.30.00.000000000 AM,"",I,07/29/2025,90935,N,1,1,3995,N03.9,"","","","","CLAIMS SUCCESSFULLY INSERTED||417,109,CF5 2507281103211 CLAIMS SUCCESSFULLY INSERTED",SUCCESS
87793_2507281103911_11_F25_03403,2507281103911,F25_03403,11,87793,N18.5,"",D06000993,07/08/2025,07/08/2025,F,"",12/30/1899 06.00.00.000000000 AM,"",I,07/29/2025,"","","","","","","","","","","CLAIMS SUCCESSFULLY INSERTED||417,109,CF5 2507281103911 CLAIMS SUCCESSFULLY INSERTED",SUCCESS
82065_2507281300613_13_2417830,2507281300613,2417830,13,82065,J18.92,"",701826,07/14/2025,07/18/2025,M,"",12/30/1899 03.20.00.000000000 AM,"",I,07/29/2025,"","","","","","","","","","","109,CF5 2507281300613 CLAIMS SUCCESSFULLY INSERTED||CLAIMS SUCCESSFULLY INSERTED",SUCCESS
82530_2507281300913_13_7401074,2507281300913,7401074,13,82530,I50.9,"",712826,07/11/2025,07/15/2025,M,07/15/2025,12/30/1899 10.00.00.000000000 PM,12/30/1899 04.57.00.000000000 PM,E,07/29/2025,"","","","","","","","","","","109,CF5 2507281300913 CLAIMS SUCCESSFULLY INSERTED||CLAIMS SUCCESSFULLY INSERTED",SUCCESS
85943_2507281301913_13_7373464,2507281301913,7373464,13,85943,N18.5,"",712826,07/09/2025,07/09/2025,M,"",12/30/1899 06.41.00.000000000 AM,"",I,07/29/2025,90935,N,1,1,3995,"","","","","","CLAIMS SUCCESSFULLY INSERTED||417,109,205,CF5 2507281301913 CLAIMS SUCCESSFULLY INSERTED",SUCCESS
85663_2507281302013_13_7374986,2507281302013,7374986,13,85663,N18.5,"",712826,07/09/2025,07/09/2025,M,"",12/30/1899 02.45.00.000000000 PM,"",I,07/29/2025,90935,N,1,1,3995,"","","","","","417,109,205,CF5 2507281302013 CLAIMS SUCCESSFULLY INSERTED||CLAIMS SUCCESSFULLY INSERTED",SUCCESS
87954_2507281501315_15_2965613,2507281501315,2965613,15,87954,A09.9,"",830102,07/10/2025,07/14/2025,M,"",12/30/1899 08.10.00.000000000 PM,"",I,07/29/2025,"","","","","","",501,E86.1,CF5 SDx Invalid Code,65442072920250044,"CLAIMS SUCCESSFULLY INSERTED||109,501,CF5 2507281501315 CLAIMS SUCCESSFULLY INSERTED",SUCCESS
87494_2507281502315_15_121070,2507281502315,121070,15,87494,N18.5,"",820141,07/01/2025,07/01/2025,M,"",12/30/1899 06.20.00.000000000 AM,"",I,07/29/2025,"","","","","",N03.9,"","","","","CLAIMS SUCCESSFULLY INSERTED||417,109,CF5 2507281502315 CLAIMS SUCCESSFULLY INSERTED",SUCCESS
87981_2507281502815_15_212643,2507281502815,212643,15,87981,B65.8,"",820153,07/01/2025,07/04/2025,M,"",12/30/1899 12.00.00.000000000 AM,"",I,07/29/2025,"","","","","","","","","","","CLAIMS SUCCESSFULLY INSERTED||109,CF5 2507281502815 CLAIMS SUCCESSFULLY INSERTED",SUCCESS
82022_2507282100821_21_14683312,2507282100821,14683312,21,82022,N18.5,"",Z12488,07/01/2025,07/15/2025,M,"",12/30/1899 02.00.00.000000000 PM,"",I,07/29/2025,90935,N,1,1,3995,"",507,90935,CF5 RVS Code has duplicate,954646072820251218,"109,90935+N11 Procedure has duplicate,90935+N11 Procedure has duplicate,90935+N11 Procedure has duplicate,90935+N11 Procedure has duplicate,90935+N11 Procedure has duplicate,90935+N11 Procedure has duplicate,CF5 2507282100821 CLAIMS SUCCESSFULLY INSERTED||CLAIMS SUCCESSFULLY INSERTED",SUCCESS
82720_2507282101221_21_2969386,2507282101221,2969386,21,82720,H26.4,"",Z12327,07/10/2025,07/10/2025,M,"",12/30/1899 01.30.00.000000000 PM,"",R,07/29/2025,"","","","","","","","","","","CLAIMS SUCCESSFULLY INSERTED||417,109,CF5 2507282101221 CLAIMS SUCCESSFULLY INSERTED",SUCCESS
87332_2507282103321_21_14533091,2507282103321,14533091,21,87332,T15.0,"",260928,07/04/2025,07/04/2025,M,"",12/30/1899 12.45.00.000000000 PM,"",I,07/29/2025,65222,R,1,1,9821,"","","","","","CLAIMS SUCCESSFULLY INSERTED||417,109,CF5 2507282103321 CLAIMS SUCCESSFULLY INSERTED",SUCCESS
92057_2507290601106_6_10828399,2507290601106,10828399,6,92057,A41.9,"",132232,06/30/2025,07/03/2025,F,"",12/30/1899 11.50.00.000000000 AM,"",I,07/29/2025,"","","","","","","","","","","109,CF5 2507290601106 CLAIMS SUCCESSFULLY INSERTED||CLAIMS SUCCESSFULLY INSERTED",SUCCESS
93114_2507291301313_13_3729491,2507291301313,3729491,13,93114,T82.8,"",Z05688,07/04/2025,07/04/2025,M,"",12/30/1899 10.02.00.000000000 AM,"",I,07/29/2025,35190,L,1,1,3953,"","","","","","CLAIMS SUCCESSFULLY INSERTED||417,109,CF5 2507291301313 CLAIMS SUCCESSFULLY INSERTED",SUCCESS
90954_2507291600716_16_I2025-0807,2507291600716,I2025-0807,16,90954,J45.10,61,951529,07/04/2025,07/07/2025,F,"",12/30/1899 10.15.00.000000000 AM,"",I,07/29/2025,"","","","","","","","","","",CF5 2507291600716 CLAIMS SUCCESSFULLY INSERTED||CLAIMS SUCCESSFULLY INSERTED,SUCCESS
89552_2507292000120_20_14583957,2507292000120,14583957,20,89552,A09.9,"",Z13633,06/30/2025,07/02/2025,M,"",12/30/1899 06.45.00.000000000 AM,"",I,07/29/2025,"","","","","","",501,E86.1,CF5 SDx Invalid Code,760625072920251006,"109,501,CF5 2507292000120 CLAIMS SUCCESSFULLY INSERTED||CLAIMS SUCCESSFULLY INSERTED",SUCCESS
88591_2507292100021_21_13898976,2507292100021,13898976,21,88591,K81.8,"",260127,07/03/2025,07/06/2025,M,"",12/30/1899 08.06.00.000000000 AM,"",I,07/29/2025,47600,N,1,1,5122,"","","","","","109,CF5 2507292100021 CLAIMS SUCCESSFULLY INSERTED||CLAIMS SUCCESSFULLY INSERTED",SUCCESS
91987_2507292101021_21_2301102,2507292101021,2301102,21,91987,J44.1,"",261228,07/11/2025,07/14/2025,M,"",12/30/1899 10.48.00.000000000 PM,"",I,07/29/2025,"","","","","",I10.9||K80.0||E11.9||N18.9,"","","","","109,CF5 2507292101021 CLAIMS SUCCESSFULLY INSERTED||CF5 2301102 ClaimNumber already exist,Claim Number has duplicate||CLAIMS SUCCESSFULLY INSERTED",SUCCESS||FALSE
